{
    "dimensions": [
        {
         "name":"item",
         "levels": [
                {
                    "name":"term_chinesename",
                    "label":"Term_Chinesename",
                    "attributes": ["term_chinesename"]
                },
                {
                    "name":"species_englishname",
                    "label":"Species_Englishname",
                    "attributes": ["species_englishname"]
                },
                {
                    "name":"species_chinesename",
                    "label":"Species_Chinesename",
                    "attributes": ["species_chinesename"]
                },
				{
                    "name":"term_englishname",
                    "label":"Term_Englishname",
                    "attributes": ["term_englishname"]
                }
            ]
        }
    ],
    "cubes": [
        {
            "name": "joinjoin_true",
            "dimensions": ["item"],
            "measures": [
                {"name":"geneid","label":"GeneId"},
				{"name":"pubmedid","label":"PubmedId"},
				{"name":"taxid","label":"TaxId"}
            ],
            "aggregates": [
                    {
                        "name": "geneid_sum",
                        "function": "count_distinct",
                        "measure": "geneid"
                    },
                    {
                        "name": "pubmedid_sum",
                        "function": "count_distinct",
                        "measure": "pubmedid"
                    },
                    {
                        "name": "taxid_sum",
                        "function": "count_distinct",
						"measure":"taxid"
                    }
                ],
            "mappings": {
                          "item.term_chinesename": "term_chinesename",
                          "item.species_englishname": "species_englishname",
                          "item.species_chinesename": "species_chinesename",
                          "item.term_englishname": "term_englishname"
                        },
            "info": {
                "min_date": "2010-01-01",
                "max_date": "2010-12-31"
            }
        }
    ]
}
